DAFTAR UKM AKTIF UNIVERSITAS TEKNOKRAT INDONESIA;;
;;
No;Nama UKM;Definisi & Keterangan UKM
Unit Kegiatan Mahasiswa Seni dan Komunitas;;
1;Unit Kegiatan Mahasiswa Tari Teknokrat;Mewadahi mahasiswa yang memiliki minat dan bakat dalam seni tari, baik tradisional maupun modern.
2;Unit Kegiatan Mahasiswa Duta Teknokrat;Berfokus pada pengembangan representasi mahasiswa sebagai duta kampus dalam berbagai acara resmi.
3;Unit Kegiatan Mahasiswa Paduan Suara;Wadah bagi mahasiswa untuk mengembangkan kemampuan olah vokal dalam kelompok musik paduan suara.
4;Unit Kegiatan Mahasiswa Band Teknokrat;Tempat berkumpulnya mahasiswa yang memiliki minat dalam bermain alat musik dan membentuk grup band.
Unit Kegiatan Mahasiswa Bela diri dan Olahraga;;
1;Unit Kegiatan Mahasiswa Taekwondo Kesatria Teknokrat;Cabang olahraga bela diri asal Korea yang berfokus pada teknik tendangan dan pertahanan diri.
2;Unit Kegiatan Mahasiswa Silat Teknokrat;Melestarikan seni bela diri tradisional asli Indonesia.
3;Esport Teknokrat;Mewadahi mahasiswa yang memiliki minat dalam kompetisi permainan daring (gaming) secara profesional.
4;Unit Kegiatan Mahasiswa Basket Teknokrat;Tim olahraga bola basket untuk pengembangan teknik dan kerja sama tim.
5;Unit Kegiatan Mahasiswa Futsal eknokrat;Wadah bagi pecinta olahraga futsal untuk berkompetisi dan berlatih bersama.
Unit Kegiatan Mahasiswa Akademik;;
1;Unit Kegiatan Mahasiswa Programming Teknokrat;Berfokus pada pengembangan kemampuan pengkodean (coding) dan logika pemrograman komputer.
2;Unit Kegiatan Mahasiswa Entrepreuner Teknokrat;Memberikan pelatihan dan pengalaman praktis dalam dunia wirausaha dan bisnis.
3;Unit Kegiatan Mahasiswa Teknokrat TV;Wadah pengembangan kreativitas di bidang penyiaran, produksi video, dan multimedia.
4;Unit Kegiatan Mahasiswa Teknokrat English Club;Fokus pada penguasaan bahasa Inggris melalui berbagai kegiatan kompetitif dan edukatif.
5;Unit Kegiatan Mahasiswa Robotik Teknokrat;Tempat riset dan pengembangan teknologi robotika serta otomatisasi.
6;Unit Kegiatan Mahasiswa Animedia Teknokrat;Komunitas bagi pecinta seni animasi, gambar digital, dan media kreatif lainnya.
Unit Kegiatan Mahasiswa Kerohanian;;
1;Unit Kegiatan Mahasiswa Islam AR-Rahman;Wadah kegiatan keagamaan bagi mahasiswa muslim di lingkungan kampus.
2;Unit Kegiatan Mahasiswa Christian Youth Teknokrat;Komunitas kerohanian bagi mahasiswa beragama Kristen.
3;Unit Kegiatan Mahasiswa Katolik Lumine Christie Teknokrat;Wadah peribadatan dan pembinaan bagi mahasiswa beragama Katolik.
4;Unit Kegiatan Mahasiswa Hindu Dharma Teknokar;Komunitas kerohanian bagi mahasiswa yang menganut agama Hindu.
;;
;Kategori Perlombaan yang bisa dikuti Mahasiswa;
1;Sosial Humaniora;
2;Science (Sains), Technology (Teknologi), Engineering (Teknik), dan Mathematics (Matematika);
3;Seni & Budaya;
4;Olahraga;
5;Minat Khusus;
